{"cameraMode":{"drawMode":0,"name":"Shaded","section":"Shading Mode"},"sceneLighting":false,"audioPlay":false,"sceneViewState":{"m_AlwaysRefresh":false,"showFog":true,"showSkybox":false,"showFlares":true,"showImageEffects":true,"showParticleSystems":true,"showVisualEffectGraphs":true,"m_FxEnabled":true},"in2DMode":false,"pivot":{"x":-0.06229391694068909,"y":0.8794156908988953,"z":0.113304004073143},"rotation":{"x":0.19266587495803834,"y":0.5059070587158203,"z":-0.11706773936748505,"w":0.8326104879379273},"size":1.0192383527755738,"orthographic":true}